Start,Finish,Steps (count)
29/11/14 0:00,30/11/14 0:00,21427
30/11/14 0:00,1/12/14 0:00,4321
1/12/14 0:00,2/12/14 0:00,10473
2/12/14 0:00,3/12/14 0:00,15784
3/12/14 0:00,4/12/14 0:00,2783
4/12/14 0:00,5/12/14 0:00,18196
5/12/14 0:00,6/12/14 0:00,6529
6/12/14 0:00,7/12/14 0:00,2944
7/12/14 0:00,8/12/14 0:00,6515
8/12/14 0:00,9/12/14 0:00,9598
9/12/14 0:00,10/12/14 0:00,21448
10/12/14 0:00,11/12/14 0:00,10488
11/12/14 0:00,12/12/14 0:00,6252
12/12/14 0:00,13/12/14 0:00,7087
13/12/14 0:00,14/12/14 0:00,15242
14/12/14 0:00,15/12/14 0:00,14396
15/12/14 0:00,16/12/14 0:00,4151
16/12/14 0:00,17/12/14 0:00,12621
17/12/14 0:00,18/12/14 0:00,9846
18/12/14 0:00,19/12/14 0:00,7315
19/12/14 0:00,20/12/14 0:00,12247
20/12/14 0:00,21/12/14 0:00,6835
21/12/14 0:00,22/12/14 0:00,5374
22/12/14 0:00,23/12/14 0:00,5892
23/12/14 0:00,24/12/14 0:00,9640
24/12/14 0:00,25/12/14 0:00,10806
25/12/14 0:00,26/12/14 0:00,6696
26/12/14 0:00,27/12/14 0:00,9960
27/12/14 0:00,28/12/14 0:00,13496
28/12/14 0:00,29/12/14 0:00,8488
29/12/14 0:00,30/12/14 0:00,6031
30/12/14 0:00,31/12/14 0:00,5376
31/12/14 0:00,1/1/15 0:00,12538
1/1/15 0:00,2/1/15 0:00,8030
2/1/15 0:00,3/1/15 0:00,7352
3/1/15 0:00,4/1/15 0:00,7892
4/1/15 0:00,5/1/15 0:00,4479
5/1/15 0:00,6/1/15 0:00,10499
6/1/15 0:00,7/1/15 0:00,17999
7/1/15 0:00,8/1/15 0:00,9291
8/1/15 0:00,9/1/15 0:00,11534
9/1/15 0:00,10/1/15 0:00,11877
10/1/15 0:00,11/1/15 0:00,9217
11/1/15 0:00,12/1/15 0:00,4282
12/1/15 0:00,13/1/15 0:00,11696
13/1/15 0:00,14/1/15 0:00,9421
14/1/15 0:00,15/1/15 0:00,10225
15/1/15 0:00,16/1/15 0:00,4831
16/1/15 0:00,17/1/15 0:00,9756
17/1/15 0:00,18/1/15 0:00,5352
18/1/15 0:00,19/1/15 0:00,17693
19/1/15 0:00,20/1/15 0:00,10323
20/1/15 0:00,21/1/15 0:00,6395
21/1/15 0:00,22/1/15 0:00,13091
22/1/15 0:00,23/1/15 0:00,6199
23/1/15 0:00,24/1/15 0:00,5652
24/1/15 0:00,25/1/15 0:00,7235
25/1/15 0:00,26/1/15 0:00,8906
26/1/15 0:00,27/1/15 0:00,8300
27/1/15 0:00,28/1/15 0:00,13257
28/1/15 0:00,29/1/15 0:00,12175
29/1/15 0:00,30/1/15 0:00,12639
30/1/15 0:00,31/1/15 0:00,11499
31/1/15 0:00,1/2/15 0:00,16036
1/2/15 0:00,2/2/15 0:00,7346
2/2/15 0:00,3/2/15 0:00,8110
3/2/15 0:00,4/2/15 0:00,3579
4/2/15 0:00,5/2/15 0:00,4545
5/2/15 0:00,6/2/15 0:00,3749
6/2/15 0:00,7/2/15 0:00,7061
7/2/15 0:00,8/2/15 0:00,9720
8/2/15 0:00,9/2/15 0:00,19113
9/2/15 0:00,10/2/15 0:00,11442
10/2/15 0:00,11/2/15 0:00,14300
11/2/15 0:00,12/2/15 0:00,12271
12/2/15 0:00,13/2/15 0:00,5771
13/2/15 0:00,14/2/15 0:00,19518
14/2/15 0:00,15/2/15 0:00,5596
15/2/15 0:00,16/2/15 0:00,5486
16/2/15 0:00,17/2/15 0:00,9303
17/2/15 0:00,18/2/15 0:00,9611
18/2/15 0:00,19/2/15 0:00,9998
19/2/15 0:00,20/2/15 0:00,6575
20/2/15 0:00,21/2/15 0:00,3121
21/2/15 0:00,22/2/15 0:00,2658
22/2/15 0:00,23/2/15 0:00,8604
23/2/15 0:00,24/2/15 0:00,13009
24/2/15 0:00,25/2/15 0:00,10466
25/2/15 0:00,26/2/15 0:00,4945
26/2/15 0:00,27/2/15 0:00,6195
27/2/15 0:00,28/2/15 0:00,6567
28/2/15 0:00,1/3/15 0:00,8697
1/3/15 0:00,2/3/15 0:00,2802
2/3/15 0:00,3/3/15 0:00,8304
3/3/15 0:00,4/3/15 0:00,8923
4/3/15 0:00,5/3/15 0:00,16247
5/3/15 0:00,6/3/15 0:00,13472
6/3/15 0:00,7/3/15 0:00,4697
7/3/15 0:00,8/3/15 0:00,4096
8/3/15 0:00,9/3/15 0:00,13007
9/3/15 0:00,10/3/15 0:00,16832
10/3/15 0:00,11/3/15 0:00,13716
11/3/15 0:00,12/3/15 0:00,8442
12/3/15 0:00,13/3/15 0:00,12054
13/3/15 0:00,14/3/15 0:00,6315
14/3/15 0:00,15/3/15 0:00,9459
15/3/15 0:00,16/3/15 0:00,7696
16/3/15 0:00,17/3/15 0:00,7533
17/3/15 0:00,18/3/15 0:00,11426
18/3/15 0:00,19/3/15 0:00,12895
19/3/15 0:00,20/3/15 0:00,14740
20/3/15 0:00,21/3/15 0:00,10893
21/3/15 0:00,22/3/15 0:00,10958
22/3/15 0:00,23/3/15 0:00,7449
23/3/15 0:00,24/3/15 0:00,12029
24/3/15 0:00,25/3/15 0:00,9425
25/3/15 0:00,26/3/15 0:00,12842
26/3/15 0:00,27/3/15 0:00,13322
27/3/15 0:00,28/3/15 0:00,7858
28/3/15 0:00,29/3/15 0:00,11563
29/3/15 0:00,30/3/15 0:00,8340
30/3/15 0:00,31/3/15 0:00,4950
31/3/15 0:00,1/4/15 0:00,11231
1/4/15 0:00,2/4/15 0:00,5994
2/4/15 0:00,3/4/15 0:00,7128
3/4/15 0:00,4/4/15 0:00,5144
4/4/15 0:00,5/4/15 0:00,1485
5/4/15 0:00,6/4/15 0:00,3429
6/4/15 0:00,7/4/15 0:00,5630
7/4/15 0:00,8/4/15 0:00,2019
8/4/15 0:00,9/4/15 0:00,7433
9/4/15 0:00,10/4/15 0:00,6882
10/4/15 0:00,11/4/15 0:00,9392
11/4/15 0:00,12/4/15 0:00,9266
12/4/15 0:00,13/4/15 0:00,8845
13/4/15 0:00,14/4/15 0:00,12562
14/4/15 0:00,15/4/15 0:00,14319
15/4/15 0:00,16/4/15 0:00,17257
16/4/15 0:00,17/4/15 0:00,9170
17/4/15 0:00,18/4/15 0:00,6603
18/4/15 0:00,19/4/15 0:00,10628
19/4/15 0:00,20/4/15 0:00,9082
20/4/15 0:00,21/4/15 0:00,8912
21/4/15 0:00,22/4/15 0:00,9666
22/4/15 0:00,23/4/15 0:00,9382
23/4/15 0:00,24/4/15 0:00,10356
24/4/15 0:00,25/4/15 0:00,6503
25/4/15 0:00,26/4/15 0:00,4217
26/4/15 0:00,27/4/15 0:00,8552
27/4/15 0:00,28/4/15 0:00,9281
28/4/15 0:00,29/4/15 0:00,9076
29/4/15 0:00,30/4/15 0:00,7712
30/4/15 0:00,1/5/15 0:00,12656
1/5/15 0:00,2/5/15 0:00,7759
2/5/15 0:00,3/5/15 0:00,4373
3/5/15 0:00,4/5/15 0:00,2323
4/5/15 0:00,5/5/15 0:00,7086
5/5/15 0:00,6/5/15 0:00,6989
6/5/15 0:00,7/5/15 0:00,7182
7/5/15 0:00,8/5/15 0:00,3608
8/5/15 0:00,9/5/15 0:00,5874
9/5/15 0:00,10/5/15 0:00,10225
10/5/15 0:00,11/5/15 0:00,4572
11/5/15 0:00,12/5/15 0:00,13536
12/5/15 0:00,13/5/15 0:00,7780
13/5/15 0:00,14/5/15 0:00,8027
14/5/15 0:00,15/5/15 0:00,8730
15/5/15 0:00,16/5/15 0:00,7159
16/5/15 0:00,17/5/15 0:00,13226
17/5/15 0:00,18/5/15 0:00,7365
18/5/15 0:00,19/5/15 0:00,12765
19/5/15 0:00,20/5/15 0:00,9221
20/5/15 0:00,21/5/15 0:00,11449
21/5/15 0:00,22/5/15 0:00,7233
22/5/15 0:00,23/5/15 0:00,3927
23/5/15 0:00,24/5/15 0:00,4002
24/5/15 0:00,25/5/15 0:00,4732
25/5/15 0:00,26/5/15 0:00,5651
26/5/15 0:00,27/5/15 0:00,5193
27/5/15 0:00,28/5/15 0:00,2848
28/5/15 0:00,29/5/15 0:00,10781
29/5/15 0:00,30/5/15 0:00,3948
30/5/15 0:00,31/5/15 0:00,3297
31/5/15 0:00,1/6/15 0:00,5659
1/6/15 0:00,2/6/15 0:00,7172
2/6/15 0:00,3/6/15 0:00,3874
3/6/15 0:00,4/6/15 0:00,12960
4/6/15 0:00,5/6/15 0:00,5347
5/6/15 0:00,6/6/15 0:00,5286
6/6/15 0:00,7/6/15 0:00,11714
7/6/15 0:00,8/6/15 0:00,5367
8/6/15 0:00,9/6/15 0:00,5040
9/6/15 0:00,10/6/15 0:00,5802
10/6/15 0:00,11/6/15 0:00,4182
11/6/15 0:00,12/6/15 0:00,4589
12/6/15 0:00,13/6/15 0:00,10195
13/6/15 0:00,14/6/15 0:00,10021
14/6/15 0:00,15/6/15 0:00,5153
15/6/15 0:00,16/6/15 0:00,7022
16/6/15 0:00,17/6/15 0:00,6809
17/6/15 0:00,18/6/15 0:00,6408
18/6/15 0:00,19/6/15 0:00,11148
19/6/15 0:00,20/6/15 0:00,5811
20/6/15 0:00,21/6/15 0:00,6693
21/6/15 0:00,22/6/15 0:00,20972
22/6/15 0:00,23/6/15 0:00,19558
23/6/15 0:00,24/6/15 0:00,27508
24/6/15 0:00,25/6/15 0:00,29706
25/6/15 0:00,26/6/15 0:00,43507
26/6/15 0:00,27/6/15 0:00,21680
27/6/15 0:00,28/6/15 0:00,23316
28/6/15 0:00,29/6/15 0:00,19849
29/6/15 0:00,30/6/15 0:00,18057
30/6/15 0:00,1/7/15 0:00,13214
1/7/15 0:00,2/7/15 0:00,18557
2/7/15 0:00,3/7/15 0:00,15777
3/7/15 0:00,4/7/15 0:00,8712
4/7/15 0:00,5/7/15 0:00,22918
5/7/15 0:00,6/7/15 0:00,26815
6/7/15 0:00,7/7/15 0:00,38742
7/7/15 0:00,8/7/15 0:00,22090
8/7/15 0:00,9/7/15 0:00,26539
9/7/15 0:00,10/7/15 0:00,17765
10/7/15 0:00,11/7/15 0:00,18692
11/7/15 0:00,12/7/15 0:00,17849
12/7/15 0:00,13/7/15 0:00,15252
13/7/15 0:00,14/7/15 0:00,3089
14/7/15 0:00,15/7/15 0:00,4558
15/7/15 0:00,16/7/15 0:00,11160
16/7/15 0:00,17/7/15 0:00,4509
17/7/15 0:00,18/7/15 0:00,5143
18/7/15 0:00,19/7/15 0:00,2438
19/7/15 0:00,20/7/15 0:00,10780
20/7/15 0:00,21/7/15 0:00,5009
21/7/15 0:00,22/7/15 0:00,8541
22/7/15 0:00,23/7/15 0:00,3113
23/7/15 0:00,24/7/15 0:00,4779
24/7/15 0:00,25/7/15 0:00,12033
25/7/15 0:00,26/7/15 0:00,3626
26/7/15 0:00,27/7/15 0:00,11533
27/7/15 0:00,28/7/15 0:00,5413
28/7/15 0:00,29/7/15 0:00,16820
29/7/15 0:00,30/7/15 0:00,7637
30/7/15 0:00,31/7/15 0:00,12650
31/7/15 0:00,1/8/15 0:00,14611
1/8/15 0:00,2/8/15 0:00,16513
2/8/15 0:00,3/8/15 0:00,7216
3/8/15 0:00,4/8/15 0:00,12567
4/8/15 0:00,5/8/15 0:00,7328
5/8/15 0:00,6/8/15 0:00,15339
6/8/15 0:00,7/8/15 0:00,15996
7/8/15 0:00,8/8/15 0:00,13120
8/8/15 0:00,9/8/15 0:00,4670
9/8/15 0:00,10/8/15 0:00,12275
10/8/15 0:00,11/8/15 0:00,7980
11/8/15 0:00,12/8/15 0:00,16172
12/8/15 0:00,13/8/15 0:00,10625
13/8/15 0:00,14/8/15 0:00,9563
14/8/15 0:00,15/8/15 0:00,11054
15/8/15 0:00,16/8/15 0:00,3470
16/8/15 0:00,17/8/15 0:00,13588
17/8/15 0:00,18/8/15 0:00,10421
18/8/15 0:00,19/8/15 0:00,7010
19/8/15 0:00,20/8/15 0:00,5709
20/8/15 0:00,21/8/15 0:00,3999
21/8/15 0:00,22/8/15 0:00,11224
22/8/15 0:00,23/8/15 0:00,8207
23/8/15 0:00,24/8/15 0:00,12896
24/8/15 0:00,25/8/15 0:00,6227
25/8/15 0:00,26/8/15 0:00,6666
26/8/15 0:00,27/8/15 0:00,11842
27/8/15 0:00,28/8/15 0:00,3811
28/8/15 0:00,29/8/15 0:00,5888
29/8/15 0:00,30/8/15 0:00,4171
30/8/15 0:00,31/8/15 0:00,11875
31/8/15 0:00,1/9/15 0:00,9498
1/9/15 0:00,2/9/15 0:00,10862
2/9/15 0:00,3/9/15 0:00,7548
3/9/15 0:00,4/9/15 0:00,11570
4/9/15 0:00,5/9/15 0:00,6999
5/9/15 0:00,6/9/15 0:00,15723
6/9/15 0:00,7/9/15 0:00,13956
7/9/15 0:00,8/9/15 0:00,5811
8/9/15 0:00,9/9/15 0:00,15924
9/9/15 0:00,10/9/15 0:00,8537
10/9/15 0:00,11/9/15 0:00,11627
11/9/15 0:00,12/9/15 0:00,12299
12/9/15 0:00,13/9/15 0:00,7137
13/9/15 0:00,14/9/15 0:00,9094
14/9/15 0:00,15/9/15 0:00,4703
15/9/15 0:00,16/9/15 0:00,2095
16/9/15 0:00,17/9/15 0:00,7301
17/9/15 0:00,18/9/15 0:00,5691
18/9/15 0:00,19/9/15 0:00,9894
19/9/15 0:00,20/9/15 0:00,2026
20/9/15 0:00,21/9/15 0:00,11472
21/9/15 0:00,22/9/15 0:00,5232
22/9/15 0:00,23/9/15 0:00,9173
23/9/15 0:00,24/9/15 0:00,3600
24/9/15 0:00,25/9/15 0:00,4368
25/9/15 0:00,26/9/15 0:00,5766
26/9/15 0:00,27/9/15 0:00,5789
27/9/15 0:00,28/9/15 0:00,3745
28/9/15 0:00,29/9/15 0:00,4411
29/9/15 0:00,30/9/15 0:00,4253
30/9/15 0:00,1/10/15 0:00,9484
1/10/15 0:00,2/10/15 0:00,7291
2/10/15 0:00,3/10/15 0:00,15883
3/10/15 0:00,4/10/15 0:00,6746
4/10/15 0:00,5/10/15 0:00,10479
5/10/15 0:00,6/10/15 0:00,9903
6/10/15 0:00,7/10/15 0:00,7009
7/10/15 0:00,8/10/15 0:00,8666
8/10/15 0:00,9/10/15 0:00,8227
9/10/15 0:00,10/10/15 0:00,13199
10/10/15 0:00,11/10/15 0:00,14806
11/10/15 0:00,12/10/15 0:00,17366
12/10/15 0:00,13/10/15 0:00,9091
13/10/15 0:00,14/10/15 0:00,8750
14/10/15 0:00,15/10/15 0:00,9995
15/10/15 0:00,16/10/15 0:00,6683
16/10/15 0:00,17/10/15 0:00,14402
17/10/15 0:00,18/10/15 0:00,15084
18/10/15 0:00,19/10/15 0:00,14314
19/10/15 0:00,20/10/15 0:00,7724
20/10/15 0:00,21/10/15 0:00,8015
21/10/15 0:00,22/10/15 0:00,13675
22/10/15 0:00,23/10/15 0:00,6242
23/10/15 0:00,24/10/15 0:00,18661
24/10/15 0:00,25/10/15 0:00,4776
25/10/15 0:00,26/10/15 0:00,21625
26/10/15 0:00,27/10/15 0:00,8458
27/10/15 0:00,28/10/15 0:00,3102
28/10/15 0:00,29/10/15 0:00,8671
29/10/15 0:00,30/10/15 0:00,11757
30/10/15 0:00,31/10/15 0:00,10061
31/10/15 0:00,1/11/15 0:00,12382
1/11/15 0:00,2/11/15 0:00,11159
2/11/15 0:00,3/11/15 0:00,9082
3/11/15 0:00,4/11/15 0:00,12613
4/11/15 0:00,5/11/15 0:00,11072
5/11/15 0:00,6/11/15 0:00,7722
6/11/15 0:00,7/11/15 0:00,18130
7/11/15 0:00,8/11/15 0:00,5846
8/11/15 0:00,9/11/15 0:00,15003
9/11/15 0:00,10/11/15 0:00,6700
10/11/15 0:00,11/11/15 0:00,5529
11/11/15 0:00,12/11/15 0:00,6236
12/11/15 0:00,13/11/15 0:00,7599
13/11/15 0:00,14/11/15 0:00,7594
14/11/15 0:00,15/11/15 0:00,18779
15/11/15 0:00,16/11/15 0:00,13796
16/11/15 0:00,17/11/15 0:00,9498
17/11/15 0:00,18/11/15 0:00,9300
18/11/15 0:00,19/11/15 0:00,10288
19/11/15 0:00,20/11/15 0:00,8118
20/11/15 0:00,21/11/15 0:00,12290
21/11/15 0:00,22/11/15 0:00,6215
22/11/15 0:00,23/11/15 0:00,13985
23/11/15 0:00,24/11/15 0:00,13911
24/11/15 0:00,25/11/15 0:00,9940
25/11/15 0:00,26/11/15 0:00,2955
26/11/15 0:00,27/11/15 0:00,6991
27/11/15 0:00,28/11/15 0:00,9372
28/11/15 0:00,29/11/15 0:00,10527
29/11/15 0:00,30/11/15 0:00,14041
30/11/15 0:00,1/12/15 0:00,4787
1/12/15 0:00,2/12/15 0:00,4202
2/12/15 0:00,3/12/15 0:00,3985
3/12/15 0:00,4/12/15 0:00,7856
4/12/15 0:00,5/12/15 0:00,8058
5/12/15 0:00,6/12/15 0:00,3814
6/12/15 0:00,7/12/15 0:00,10084
7/12/15 0:00,8/12/15 0:00,9823
8/12/15 0:00,9/12/15 0:00,6910
9/12/15 0:00,10/12/15 0:00,10591
10/12/15 0:00,11/12/15 0:00,8419
11/12/15 0:00,12/12/15 0:00,11206
12/12/15 0:00,13/12/15 0:00,6541
13/12/15 0:00,14/12/15 0:00,14511
14/12/15 0:00,15/12/15 0:00,4362
15/12/15 0:00,16/12/15 0:00,6669
16/12/15 0:00,17/12/15 0:00,3809
17/12/15 0:00,18/12/15 0:00,6568
18/12/15 0:00,19/12/15 0:00,7613
19/12/15 0:00,20/12/15 0:00,8366
20/12/15 0:00,21/12/15 0:00,5301
21/12/15 0:00,22/12/15 0:00,10992
22/12/15 0:00,23/12/15 0:00,6532
23/12/15 0:00,24/12/15 0:00,9286
24/12/15 0:00,25/12/15 0:00,7574
25/12/15 0:00,26/12/15 0:00,4683
26/12/15 0:00,27/12/15 0:00,4271
27/12/15 0:00,28/12/15 0:00,10992
28/12/15 0:00,29/12/15 0:00,8075
29/12/15 0:00,30/12/15 0:00,12522
30/12/15 0:00,31/12/15 0:00,9402
31/12/15 0:00,1/1/16 0:00,15585
1/1/16 0:00,2/1/16 0:00,7312
2/1/16 0:00,3/1/16 0:00,5519
3/1/16 0:00,4/1/16 0:00,10199
4/1/16 0:00,5/1/16 0:00,5286
5/1/16 0:00,6/1/16 0:00,8189
6/1/16 0:00,7/1/16 0:00,6037
7/1/16 0:00,8/1/16 0:00,6303
8/1/16 0:00,9/1/16 0:00,7503
9/1/16 0:00,10/1/16 0:00,7315
10/1/16 0:00,11/1/16 0:00,20918
11/1/16 0:00,12/1/16 0:00,4835
12/1/16 0:00,13/1/16 0:00,13544
13/1/16 0:00,14/1/16 0:00,9290
14/1/16 0:00,15/1/16 0:00,5279
15/1/16 0:00,16/1/16 0:00,3513
16/1/16 0:00,17/1/16 0:00,12745
17/1/16 0:00,18/1/16 0:00,15610
18/1/16 0:00,19/1/16 0:00,6554
19/1/16 0:00,20/1/16 0:00,8159
20/1/16 0:00,21/1/16 0:00,9024
21/1/16 0:00,22/1/16 0:00,4751
22/1/16 0:00,23/1/16 0:00,7834
23/1/16 0:00,24/1/16 0:00,7018
24/1/16 0:00,25/1/16 0:00,13281
25/1/16 0:00,26/1/16 0:00,12728
26/1/16 0:00,27/1/16 0:00,6896
27/1/16 0:00,28/1/16 0:00,18373
28/1/16 0:00,29/1/16 0:00,15759
29/1/16 0:00,30/1/16 0:00,10108
30/1/16 0:00,31/1/16 0:00,7768
31/1/16 0:00,1/2/16 0:00,13427
1/2/16 0:00,2/2/16 0:00,4643
2/2/16 0:00,3/2/16 0:00,6967
3/2/16 0:00,4/2/16 0:00,10958
4/2/16 0:00,5/2/16 0:00,17010
5/2/16 0:00,6/2/16 0:00,5454
6/2/16 0:00,7/2/16 0:00,1833
7/2/16 0:00,8/2/16 0:00,13258
8/2/16 0:00,9/2/16 0:00,11775
9/2/16 0:00,10/2/16 0:00,13994
10/2/16 0:00,11/2/16 0:00,13817
11/2/16 0:00,12/2/16 0:00,10509
12/2/16 0:00,13/2/16 0:00,10836
13/2/16 0:00,14/2/16 0:00,14358
14/2/16 0:00,15/2/16 0:00,14149
15/2/16 0:00,16/2/16 0:00,4916
16/2/16 0:00,17/2/16 0:00,8867
17/2/16 0:00,18/2/16 0:00,4685
18/2/16 0:00,19/2/16 0:00,7699
19/2/16 0:00,20/2/16 0:00,11940
20/2/16 0:00,21/2/16 0:00,4976
21/2/16 0:00,22/2/16 0:00,11439
22/2/16 0:00,23/2/16 0:00,3946
23/2/16 0:00,24/2/16 0:00,9790
24/2/16 0:00,25/2/16 0:00,7398
25/2/16 0:00,26/2/16 0:00,5396
26/2/16 0:00,27/2/16 0:00,10487
27/2/16 0:00,28/2/16 0:00,5363
28/2/16 0:00,29/2/16 0:00,9722
29/2/16 0:00,1/3/16 0:00,3384
1/3/16 0:00,2/3/16 0:00,9945
2/3/16 0:00,3/3/16 0:00,9162
3/3/16 0:00,4/3/16 0:00,6666
4/3/16 0:00,5/3/16 0:00,13551
5/3/16 0:00,6/3/16 0:00,2528
6/3/16 0:00,7/3/16 0:00,15896
7/3/16 0:00,8/3/16 0:00,6446
8/3/16 0:00,9/3/16 0:00,10527
9/3/16 0:00,10/3/16 0:00,13784
10/3/16 0:00,11/3/16 0:00,18179
11/3/16 0:00,12/3/16 0:00,10620
12/3/16 0:00,13/3/16 0:00,21605
13/3/16 0:00,14/3/16 0:00,25061
14/3/16 0:00,15/3/16 0:00,4263
15/3/16 0:00,16/3/16 0:00,5887
16/3/16 0:00,17/3/16 0:00,9044
17/3/16 0:00,18/3/16 0:00,6907
18/3/16 0:00,19/3/16 0:00,8706
19/3/16 0:00,20/3/16 0:00,3761
20/3/16 0:00,21/3/16 0:00,12220
21/3/16 0:00,22/3/16 0:00,3788
22/3/16 0:00,23/3/16 0:00,9710
23/3/16 0:00,24/3/16 0:00,7854
24/3/16 0:00,25/3/16 0:00,7805
25/3/16 0:00,26/3/16 0:00,4081
26/3/16 0:00,27/3/16 0:00,3625
27/3/16 0:00,28/3/16 0:00,10338
28/3/16 0:00,29/3/16 0:00,6440
29/3/16 0:00,30/3/16 0:00,2553
30/3/16 0:00,31/3/16 0:00,9518
31/3/16 0:00,1/4/16 0:00,3571
1/4/16 0:00,2/4/16 0:00,11730
2/4/16 0:00,3/4/16 0:00,1660
3/4/16 0:00,4/4/16 0:00,7796
4/4/16 0:00,5/4/16 0:00,6043
5/4/16 0:00,6/4/16 0:00,7718
6/4/16 0:00,7/4/16 0:00,3033
7/4/16 0:00,8/4/16 0:00,5062
8/4/16 0:00,9/4/16 0:00,10845
9/4/16 0:00,10/4/16 0:00,1718
10/4/16 0:00,11/4/16 0:00,12943
11/4/16 0:00,12/4/16 0:00,8684
12/4/16 0:00,13/4/16 0:00,9308
13/4/16 0:00,14/4/16 0:00,8151
14/4/16 0:00,15/4/16 0:00,6614
15/4/16 0:00,16/4/16 0:00,4053
16/4/16 0:00,17/4/16 0:00,2537
17/4/16 0:00,18/4/16 0:00,9500
18/4/16 0:00,19/4/16 0:00,5669
19/4/16 0:00,20/4/16 0:00,2240
20/4/16 0:00,21/4/16 0:00,6074
21/4/16 0:00,22/4/16 0:00,6227
22/4/16 0:00,23/4/16 0:00,3622
23/4/16 0:00,24/4/16 0:00,1836
24/4/16 0:00,25/4/16 0:00,13521
25/4/16 0:00,26/4/16 0:00,7290
26/4/16 0:00,27/4/16 0:00,10078
27/4/16 0:00,28/4/16 0:00,3984
28/4/16 0:00,29/4/16 0:00,10347
29/4/16 0:00,30/4/16 0:00,14995
30/4/16 0:00,1/5/16 0:00,5381
1/5/16 0:00,2/5/16 0:00,13656
2/5/16 0:00,3/5/16 0:00,8733
3/5/16 0:00,4/5/16 0:00,11996
4/5/16 0:00,5/5/16 0:00,4727
5/5/16 0:00,6/5/16 0:00,7740
6/5/16 0:00,7/5/16 0:00,6613
7/5/16 0:00,8/5/16 0:00,8813
8/5/16 0:00,9/5/16 0:00,7421
9/5/16 0:00,10/5/16 0:00,10917
10/5/16 0:00,11/5/16 0:00,9999
11/5/16 0:00,12/5/16 0:00,7797
12/5/16 0:00,13/5/16 0:00,6808
13/5/16 0:00,14/5/16 0:00,7341
14/5/16 0:00,15/5/16 0:00,3612
15/5/16 0:00,16/5/16 0:00,16412
16/5/16 0:00,17/5/16 0:00,7688
17/5/16 0:00,18/5/16 0:00,10628
18/5/16 0:00,19/5/16 0:00,6334
19/5/16 0:00,20/5/16 0:00,8727
20/5/16 0:00,21/5/16 0:00,10085
21/5/16 0:00,22/5/16 0:00,3276
22/5/16 0:00,23/5/16 0:00,4877
23/5/16 0:00,24/5/16 0:00,11006
24/5/16 0:00,25/5/16 0:00,9664
25/5/16 0:00,26/5/16 0:00,4151
26/5/16 0:00,27/5/16 0:00,13092
27/5/16 0:00,28/5/16 0:00,3627
28/5/16 0:00,29/5/16 0:00,6797
29/5/16 0:00,30/5/16 0:00,22425
30/5/16 0:00,31/5/16 0:00,6225
31/5/16 0:00,1/6/16 0:00,4277
1/6/16 0:00,2/6/16 0:00,8184
2/6/16 0:00,3/6/16 0:00,3442
3/6/16 0:00,4/6/16 0:00,5959
4/6/16 0:00,5/6/16 0:00,3870
5/6/16 0:00,6/6/16 0:00,2091
6/6/16 0:00,7/6/16 0:00,9575
7/6/16 0:00,8/6/16 0:00,3478
8/6/16 0:00,9/6/16 0:00,5066
9/6/16 0:00,10/6/16 0:00,2757
10/6/16 0:00,11/6/16 0:00,4607
11/6/16 0:00,12/6/16 0:00,4766
12/6/16 0:00,13/6/16 0:00,12317
13/6/16 0:00,14/6/16 0:00,2725
14/6/16 0:00,15/6/16 0:00,12883
15/6/16 0:00,16/6/16 0:00,4363
16/6/16 0:00,17/6/16 0:00,4900
17/6/16 0:00,18/6/16 0:00,4083
18/6/16 0:00,19/6/16 0:00,6195
19/6/16 0:00,20/6/16 0:00,11624
20/6/16 0:00,21/6/16 0:00,11209
21/6/16 0:00,22/6/16 0:00,4504
22/6/16 0:00,23/6/16 0:00,12056
23/6/16 0:00,24/6/16 0:00,15782
24/6/16 0:00,25/6/16 0:00,5539
25/6/16 0:00,26/6/16 0:00,7357
26/6/16 0:00,27/6/16 0:00,6987
27/6/16 0:00,28/6/16 0:00,9883
28/6/16 0:00,29/6/16 0:00,9823
29/6/16 0:00,30/6/16 0:00,12185
30/6/16 0:00,1/7/16 0:00,6427
1/7/16 0:00,2/7/16 0:00,7958
2/7/16 0:00,3/7/16 0:00,10652
3/7/16 0:00,4/7/16 0:00,8108
4/7/16 0:00,5/7/16 0:00,11490
5/7/16 0:00,6/7/16 0:00,5061
6/7/16 0:00,7/7/16 0:00,8487
7/7/16 0:00,8/7/16 0:00,6271
8/7/16 0:00,9/7/16 0:00,4040
9/7/16 0:00,10/7/16 0:00,4641
10/7/16 0:00,11/7/16 0:00,8841
11/7/16 0:00,12/7/16 0:00,12941
12/7/16 0:00,13/7/16 0:00,4087
13/7/16 0:00,14/7/16 0:00,4548
14/7/16 0:00,15/7/16 0:00,18850
15/7/16 0:00,16/7/16 0:00,4774
16/7/16 0:00,17/7/16 0:00,7554
17/7/16 0:00,18/7/16 0:00,13426
18/7/16 0:00,19/7/16 0:00,14708
19/7/16 0:00,20/7/16 0:00,5467
20/7/16 0:00,21/7/16 0:00,9363
21/7/16 0:00,22/7/16 0:00,4075
22/7/16 0:00,23/7/16 0:00,14513
23/7/16 0:00,24/7/16 0:00,4000
24/7/16 0:00,25/7/16 0:00,7999
25/7/16 0:00,26/7/16 0:00,7056
26/7/16 0:00,27/7/16 0:00,11861
27/7/16 0:00,28/7/16 0:00,8016
28/7/16 0:00,29/7/16 0:00,14925
29/7/16 0:00,30/7/16 0:00,4801
30/7/16 0:00,31/7/16 0:00,3162
31/7/16 0:00,1/8/16 0:00,10946
1/8/16 0:00,2/8/16 0:00,5177
2/8/16 0:00,3/8/16 0:00,14449
3/8/16 0:00,4/8/16 0:00,7332
4/8/16 0:00,5/8/16 0:00,8945
5/8/16 0:00,6/8/16 0:00,8613
6/8/16 0:00,7/8/16 0:00,5184
7/8/16 0:00,8/8/16 0:00,10973
8/8/16 0:00,9/8/16 0:00,11523
9/8/16 0:00,10/8/16 0:00,7494
10/8/16 0:00,11/8/16 0:00,8951
11/8/16 0:00,12/8/16 0:00,4852
12/8/16 0:00,13/8/16 0:00,9758
13/8/16 0:00,14/8/16 0:00,6300
14/8/16 0:00,15/8/16 0:00,10913
15/8/16 0:00,16/8/16 0:00,6317
16/8/16 0:00,17/8/16 0:00,6409
17/8/16 0:00,18/8/16 0:00,11683
18/8/16 0:00,19/8/16 0:00,6370
19/8/16 0:00,20/8/16 0:00,11492
20/8/16 0:00,21/8/16 0:00,4434
21/8/16 0:00,22/8/16 0:00,9808
22/8/16 0:00,23/8/16 0:00,6295
23/8/16 0:00,24/8/16 0:00,7201
24/8/16 0:00,25/8/16 0:00,12127
25/8/16 0:00,26/8/16 0:00,6385
26/8/16 0:00,27/8/16 0:00,12723
27/8/16 0:00,28/8/16 0:00,5925
28/8/16 0:00,29/8/16 0:00,12675
29/8/16 0:00,30/8/16 0:00,6150
30/8/16 0:00,31/8/16 0:00,6643
31/8/16 0:00,1/9/16 0:00,14298
1/9/16 0:00,2/9/16 0:00,9458
2/9/16 0:00,3/9/16 0:00,8075
3/9/16 0:00,4/9/16 0:00,3591
4/9/16 0:00,5/9/16 0:00,10518
5/9/16 0:00,6/9/16 0:00,6491
6/9/16 0:00,7/9/16 0:00,11943
7/9/16 0:00,8/9/16 0:00,9367
8/9/16 0:00,9/9/16 0:00,10207
9/9/16 0:00,10/9/16 0:00,9610
10/9/16 0:00,11/9/16 0:00,6124
11/9/16 0:00,12/9/16 0:00,10089
12/9/16 0:00,13/9/16 0:00,7398
13/9/16 0:00,14/9/16 0:00,9953
14/9/16 0:00,15/9/16 0:00,11150
15/9/16 0:00,16/9/16 0:00,5767
16/9/16 0:00,17/9/16 0:00,11808
17/9/16 0:00,18/9/16 0:00,13668
18/9/16 0:00,19/9/16 0:00,11054
19/9/16 0:00,20/9/16 0:00,10133
20/9/16 0:00,21/9/16 0:00,10557
21/9/16 0:00,22/9/16 0:00,11156
22/9/16 0:00,23/9/16 0:00,6994
23/9/16 0:00,24/9/16 0:00,11579
24/9/16 0:00,25/9/16 0:00,6206
25/9/16 0:00,26/9/16 0:00,12938
26/9/16 0:00,27/9/16 0:00,8757
27/9/16 0:00,28/9/16 0:00,7508
28/9/16 0:00,29/9/16 0:00,5578
29/9/16 0:00,30/9/16 0:00,6240
30/9/16 0:00,1/10/16 0:00,14510
1/10/16 0:00,2/10/16 0:00,4491
2/10/16 0:00,3/10/16 0:00,10592
3/10/16 0:00,4/10/16 0:00,2408
4/10/16 0:00,5/10/16 0:00,7620
5/10/16 0:00,6/10/16 0:00,10488
6/10/16 0:00,7/10/16 0:00,8741
7/10/16 0:00,8/10/16 0:00,21124
8/10/16 0:00,9/10/16 0:00,4460
9/10/16 0:00,10/10/16 0:00,10138
10/10/16 0:00,11/10/16 0:00,10222
11/10/16 0:00,12/10/16 0:00,5212
12/10/16 0:00,13/10/16 0:00,5744
13/10/16 0:00,14/10/16 0:00,5588
14/10/16 0:00,15/10/16 0:00,10357
15/10/16 0:00,16/10/16 0:00,6993
16/10/16 0:00,17/10/16 0:00,11834
17/10/16 0:00,18/10/16 0:00,5867
18/10/16 0:00,19/10/16 0:00,5948
19/10/16 0:00,20/10/16 0:00,12743
20/10/16 0:00,21/10/16 0:00,8905
21/10/16 0:00,22/10/16 0:00,13973
22/10/16 0:00,23/10/16 0:00,2547
23/10/16 0:00,24/10/16 0:00,12672
24/10/16 0:00,25/10/16 0:00,5120
25/10/16 0:00,26/10/16 0:00,7499
26/10/16 0:00,27/10/16 0:00,12621
27/10/16 0:00,28/10/16 0:00,10483
28/10/16 0:00,29/10/16 0:00,4934
29/10/16 0:00,30/10/16 0:00,7277
30/10/16 0:00,31/10/16 0:00,11853
31/10/16 0:00,1/11/16 0:00,5674
1/11/16 0:00,2/11/16 0:00,18601
2/11/16 0:00,3/11/16 0:00,11239
3/11/16 0:00,4/11/16 0:00,6261
4/11/16 0:00,5/11/16 0:00,9286
5/11/16 0:00,6/11/16 0:00,11818
6/11/16 0:00,7/11/16 0:00,13587
7/11/16 0:00,8/11/16 0:00,10698
8/11/16 0:00,9/11/16 0:00,4559
9/11/16 0:00,10/11/16 0:00,7522
10/11/16 0:00,11/11/16 0:00,11427
11/11/16 0:00,12/11/16 0:00,13416
12/11/16 0:00,13/11/16 0:00,7550
13/11/16 0:00,14/11/16 0:00,12373
14/11/16 0:00,15/11/16 0:00,11224
15/11/16 0:00,16/11/16 0:00,11776
16/11/16 0:00,17/11/16 0:00,14541
17/11/16 0:00,18/11/16 0:00,6152
18/11/16 0:00,19/11/16 0:00,12525
19/11/16 0:00,20/11/16 0:00,10569
20/11/16 0:00,21/11/16 0:00,15285
21/11/16 0:00,22/11/16 0:00,12073
22/11/16 0:00,23/11/16 0:00,13340
23/11/16 0:00,24/11/16 0:00,11102
24/11/16 0:00,25/11/16 0:00,10382
25/11/16 0:00,26/11/16 0:00,9501
26/11/16 0:00,27/11/16 0:00,5268
27/11/16 0:00,28/11/16 0:00,13622
28/11/16 0:00,29/11/16 0:00,9594
29/11/16 0:00,30/11/16 0:00,16840
30/11/16 0:00,1/12/16 0:00,9368
1/12/16 0:00,2/12/16 0:00,6882
2/12/16 0:00,3/12/16 0:00,14792
3/12/16 0:00,4/12/16 0:00,7407
4/12/16 0:00,5/12/16 0:00,14372
5/12/16 0:00,6/12/16 0:00,4553
6/12/16 0:00,7/12/16 0:00,16861
7/12/16 0:00,8/12/16 0:00,10671
8/12/16 0:00,9/12/16 0:00,8229
9/12/16 0:00,10/12/16 0:00,4617
10/12/16 0:00,11/12/16 0:00,12395
11/12/16 0:00,12/12/16 0:00,12614
12/12/16 0:00,13/12/16 0:00,6124
13/12/16 0:00,14/12/16 0:00,13089
14/12/16 0:00,15/12/16 0:00,9574
15/12/16 0:00,16/12/16 0:00,5788
16/12/16 0:00,17/12/16 0:00,10577
17/12/16 0:00,18/12/16 0:00,8770
18/12/16 0:00,19/12/16 0:00,16929
19/12/16 0:00,20/12/16 0:00,14792
20/12/16 0:00,21/12/16 0:00,7322
21/12/16 0:00,22/12/16 0:00,8311
22/12/16 0:00,23/12/16 0:00,6076
23/12/16 0:00,24/12/16 0:00,12723
24/12/16 0:00,25/12/16 0:00,7996
25/12/16 0:00,26/12/16 0:00,9220
26/12/16 0:00,27/12/16 0:00,14350
27/12/16 0:00,28/12/16 0:00,3677
28/12/16 0:00,29/12/16 0:00,8910
29/12/16 0:00,30/12/16 0:00,4415
30/12/16 0:00,31/12/16 0:00,14718
31/12/16 0:00,1/1/17 0:00,13244
1/1/17 0:00,2/1/17 0:00,16617
2/1/17 0:00,3/1/17 0:00,16227
3/1/17 0:00,4/1/17 0:00,9366
4/1/17 0:00,5/1/17 0:00,15564
5/1/17 0:00,6/1/17 0:00,7864
6/1/17 0:00,7/1/17 0:00,10055
7/1/17 0:00,8/1/17 0:00,9550
8/1/17 0:00,9/1/17 0:00,13545
9/1/17 0:00,10/1/17 0:00,5047
10/1/17 0:00,11/1/17 0:00,11610
11/1/17 0:00,12/1/17 0:00,5376
12/1/17 0:00,13/1/17 0:00,15518
13/1/17 0:00,14/1/17 0:00,17242
14/1/17 0:00,15/1/17 0:00,5386
15/1/17 0:00,16/1/17 0:00,7760
16/1/17 0:00,17/1/17 0:00,5617
17/1/17 0:00,18/1/17 0:00,4330
18/1/17 0:00,19/1/17 0:00,10824
19/1/17 0:00,20/1/17 0:00,7996
20/1/17 0:00,21/1/17 0:00,11292
21/1/17 0:00,22/1/17 0:00,7935
22/1/17 0:00,23/1/17 0:00,10450
23/1/17 0:00,24/1/17 0:00,6718
24/1/17 0:00,25/1/17 0:00,9065
25/1/17 0:00,26/1/17 0:00,6154
26/1/17 0:00,27/1/17 0:00,7135
27/1/17 0:00,28/1/17 0:00,9746
28/1/17 0:00,29/1/17 0:00,8625
29/1/17 0:00,30/1/17 0:00,8047
30/1/17 0:00,31/1/17 0:00,9635
31/1/17 0:00,1/2/17 0:00,8389
1/2/17 0:00,2/2/17 0:00,10433
2/2/17 0:00,3/2/17 0:00,4606
3/2/17 0:00,4/2/17 0:00,11743
4/2/17 0:00,5/2/17 0:00,10223
5/2/17 0:00,6/2/17 0:00,9866
6/2/17 0:00,7/2/17 0:00,6250
7/2/17 0:00,8/2/17 0:00,4280
8/2/17 0:00,9/2/17 0:00,10887
9/2/17 0:00,10/2/17 0:00,4032
10/2/17 0:00,11/2/17 0:00,13747
11/2/17 0:00,12/2/17 0:00,7455
12/2/17 0:00,13/2/17 0:00,13443
13/2/17 0:00,14/2/17 0:00,11949
14/2/17 0:00,15/2/17 0:00,10330
15/2/17 0:00,16/2/17 0:00,12119
16/2/17 0:00,17/2/17 0:00,11870
17/2/17 0:00,18/2/17 0:00,14376
18/2/17 0:00,19/2/17 0:00,8005
19/2/17 0:00,20/2/17 0:00,10319
20/2/17 0:00,21/2/17 0:00,4470
21/2/17 0:00,22/2/17 0:00,8283
22/2/17 0:00,23/2/17 0:00,8180
23/2/17 0:00,24/2/17 0:00,9775
24/2/17 0:00,25/2/17 0:00,2925
25/2/17 0:00,26/2/17 0:00,2633
26/2/17 0:00,27/2/17 0:00,11305
27/2/17 0:00,28/2/17 0:00,5351
28/2/17 0:00,1/3/17 0:00,12151
1/3/17 0:00,2/3/17 0:00,3912
2/3/17 0:00,3/3/17 0:00,3625
3/3/17 0:00,4/3/17 0:00,11202
4/3/17 0:00,5/3/17 0:00,3895
5/3/17 0:00,6/3/17 0:00,9493
6/3/17 0:00,7/3/17 0:00,6975
7/3/17 0:00,8/3/17 0:00,12556
8/3/17 0:00,9/3/17 0:00,7597
9/3/17 0:00,10/3/17 0:00,4835
10/3/17 0:00,11/3/17 0:00,13838
11/3/17 0:00,12/3/17 0:00,8161
12/3/17 0:00,13/3/17 0:00,17068
13/3/17 0:00,14/3/17 0:00,5542
14/3/17 0:00,15/3/17 0:00,10392
15/3/17 0:00,16/3/17 0:00,11012
16/3/17 0:00,17/3/17 0:00,9064
17/3/17 0:00,18/3/17 0:00,13280
18/3/17 0:00,19/3/17 0:00,3617
19/3/17 0:00,20/3/17 0:00,11761
20/3/17 0:00,21/3/17 0:00,7413
21/3/17 0:00,22/3/17 0:00,6464
22/3/17 0:00,23/3/17 0:00,10909
23/3/17 0:00,24/3/17 0:00,9505
24/3/17 0:00,25/3/17 0:00,9983
25/3/17 0:00,26/3/17 0:00,3787
26/3/17 0:00,27/3/17 0:00,7509
27/3/17 0:00,28/3/17 0:00,6923
28/3/17 0:00,29/3/17 0:00,7503
29/3/17 0:00,30/3/17 0:00,5524
30/3/17 0:00,31/3/17 0:00,10729
31/3/17 0:00,1/4/17 0:00,10686
1/4/17 0:00,2/4/17 0:00,6806
2/4/17 0:00,3/4/17 0:00,14550
3/4/17 0:00,4/4/17 0:00,6086
4/4/17 0:00,5/4/17 0:00,12383
5/4/17 0:00,6/4/17 0:00,6802
6/4/17 0:00,7/4/17 0:00,6792
7/4/17 0:00,8/4/17 0:00,14822
8/4/17 0:00,9/4/17 0:00,6259
9/4/17 0:00,10/4/17 0:00,7705
10/4/17 0:00,11/4/17 0:00,7384
11/4/17 0:00,12/4/17 0:00,6747
12/4/17 0:00,13/4/17 0:00,4153
13/4/17 0:00,14/4/17 0:00,10109
14/4/17 0:00,15/4/17 0:00,3663
15/4/17 0:00,16/4/17 0:00,7228
16/4/17 0:00,17/4/17 0:00,13347
17/4/17 0:00,18/4/17 0:00,7185
18/4/17 0:00,19/4/17 0:00,5796
19/4/17 0:00,20/4/17 0:00,5878
20/4/17 0:00,21/4/17 0:00,4032
21/4/17 0:00,22/4/17 0:00,7790
22/4/17 0:00,23/4/17 0:00,7081
23/4/17 0:00,24/4/17 0:00,9932
24/4/17 0:00,25/4/17 0:00,4363
25/4/17 0:00,26/4/17 0:00,3099
26/4/17 0:00,27/4/17 0:00,3998
27/4/17 0:00,28/4/17 0:00,9584
28/4/17 0:00,29/4/17 0:00,19769
29/4/17 0:00,30/4/17 0:00,7987
30/4/17 0:00,1/5/17 0:00,11025
1/5/17 0:00,2/5/17 0:00,8004
2/5/17 0:00,3/5/17 0:00,11430
3/5/17 0:00,4/5/17 0:00,13160
4/5/17 0:00,5/5/17 0:00,10590
5/5/17 0:00,6/5/17 0:00,13313
6/5/17 0:00,7/5/17 0:00,8976
7/5/17 0:00,8/5/17 0:00,4871
8/5/17 0:00,9/5/17 0:00,5744
9/5/17 0:00,10/5/17 0:00,8451
10/5/17 0:00,11/5/17 0:00,9705
11/5/17 0:00,12/5/17 0:00,5406
12/5/17 0:00,13/5/17 0:00,8640
13/5/17 0:00,14/5/17 0:00,2719
14/5/17 0:00,15/5/17 0:00,11759
15/5/17 0:00,16/5/17 0:00,5588
16/5/17 0:00,17/5/17 0:00,9491
17/5/17 0:00,18/5/17 0:00,17433
18/5/17 0:00,19/5/17 0:00,7357
19/5/17 0:00,20/5/17 0:00,14016
20/5/17 0:00,21/5/17 0:00,7731
21/5/17 0:00,22/5/17 0:00,15375
22/5/17 0:00,23/5/17 0:00,9003
23/5/17 0:00,24/5/17 0:00,17353
24/5/17 0:00,25/5/17 0:00,9934
25/5/17 0:00,26/5/17 0:00,6944
26/5/17 0:00,27/5/17 0:00,12075
27/5/17 0:00,28/5/17 0:00,5665
28/5/17 0:00,29/5/17 0:00,11161
29/5/17 0:00,30/5/17 0:00,7666
30/5/17 0:00,31/5/17 0:00,12179
31/5/17 0:00,1/6/17 0:00,6995
1/6/17 0:00,2/6/17 0:00,7050
2/6/17 0:00,3/6/17 0:00,12108
3/6/17 0:00,4/6/17 0:00,1401
4/6/17 0:00,5/6/17 0:00,16144
5/6/17 0:00,6/6/17 0:00,7372
6/6/17 0:00,7/6/17 0:00,12240
7/6/17 0:00,8/6/17 0:00,8103
8/6/17 0:00,9/6/17 0:00,11391
9/6/17 0:00,10/6/17 0:00,10445
10/6/17 0:00,11/6/17 0:00,3452
11/6/17 0:00,12/6/17 0:00,16441
12/6/17 0:00,13/6/17 0:00,5266
13/6/17 0:00,14/6/17 0:00,15769
14/6/17 0:00,15/6/17 0:00,4268
15/6/17 0:00,16/6/17 0:00,10018
16/6/17 0:00,17/6/17 0:00,19187
17/6/17 0:00,18/6/17 0:00,4276
18/6/17 0:00,19/6/17 0:00,9883
19/6/17 0:00,20/6/17 0:00,11443
20/6/17 0:00,21/6/17 0:00,12435
21/6/17 0:00,22/6/17 0:00,8965
22/6/17 0:00,23/6/17 0:00,11969
23/6/17 0:00,24/6/17 0:00,17684
24/6/17 0:00,25/6/17 0:00,14756
25/6/17 0:00,26/6/17 0:00,21695
26/6/17 0:00,27/6/17 0:00,11694
27/6/17 0:00,28/6/17 0:00,13210
28/6/17 0:00,29/6/17 0:00,7269
29/6/17 0:00,30/6/17 0:00,10583
30/6/17 0:00,1/7/17 0:00,14968
1/7/17 0:00,2/7/17 0:00,11911
2/7/17 0:00,3/7/17 0:00,27985
3/7/17 0:00,4/7/17 0:00,21237
4/7/17 0:00,5/7/17 0:00,19441
5/7/17 0:00,6/7/17 0:00,18489
6/7/17 0:00,7/7/17 0:00,9786
7/7/17 0:00,8/7/17 0:00,13471
8/7/17 0:00,9/7/17 0:00,12403
9/7/17 0:00,10/7/17 0:00,11748
10/7/17 0:00,11/7/17 0:00,12051
11/7/17 0:00,12/7/17 0:00,14569
12/7/17 0:00,13/7/17 0:00,18808
13/7/17 0:00,14/7/17 0:00,9462
14/7/17 0:00,15/7/17 0:00,6618
15/7/17 0:00,16/7/17 0:00,1894
16/7/17 0:00,17/7/17 0:00,9192
17/7/17 0:00,18/7/17 0:00,10089
18/7/17 0:00,19/7/17 0:00,5878
19/7/17 0:00,20/7/17 0:00,13303
20/7/17 0:00,21/7/17 0:00,7906
21/7/17 0:00,22/7/17 0:00,6837
22/7/17 0:00,23/7/17 0:00,4435
23/7/17 0:00,24/7/17 0:00,9509
24/7/17 0:00,25/7/17 0:00,6477
25/7/17 0:00,26/7/17 0:00,6591
26/7/17 0:00,27/7/17 0:00,6554
27/7/17 0:00,28/7/17 0:00,9894
28/7/17 0:00,29/7/17 0:00,9485
29/7/17 0:00,30/7/17 0:00,3138
30/7/17 0:00,31/7/17 0:00,10736
31/7/17 0:00,1/8/17 0:00,6538
1/8/17 0:00,2/8/17 0:00,10719
2/8/17 0:00,3/8/17 0:00,7743
3/8/17 0:00,4/8/17 0:00,12874
4/8/17 0:00,5/8/17 0:00,12087
5/8/17 0:00,6/8/17 0:00,10911
6/8/17 0:00,7/8/17 0:00,10341
7/8/17 0:00,8/8/17 0:00,4210
8/8/17 0:00,9/8/17 0:00,12800
9/8/17 0:00,10/8/17 0:00,9540
10/8/17 0:00,11/8/17 0:00,9660
11/8/17 0:00,12/8/17 0:00,10765
12/8/17 0:00,13/8/17 0:00,5066
13/8/17 0:00,14/8/17 0:00,14084
14/8/17 0:00,15/8/17 0:00,10426
15/8/17 0:00,16/8/17 0:00,7332
16/8/17 0:00,17/8/17 0:00,7840
17/8/17 0:00,18/8/17 0:00,10816
18/8/17 0:00,19/8/17 0:00,9650
19/8/17 0:00,20/8/17 0:00,4063
20/8/17 0:00,21/8/17 0:00,12480
21/8/17 0:00,22/8/17 0:00,8133
22/8/17 0:00,23/8/17 0:00,8152
23/8/17 0:00,24/8/17 0:00,8377
24/8/17 0:00,25/8/17 0:00,17274
25/8/17 0:00,26/8/17 0:00,10160
26/8/17 0:00,27/8/17 0:00,6632
27/8/17 0:00,28/8/17 0:00,12528
28/8/17 0:00,29/8/17 0:00,8140
29/8/17 0:00,30/8/17 0:00,8788
30/8/17 0:00,31/8/17 0:00,7538
31/8/17 0:00,1/9/17 0:00,11283
1/9/17 0:00,2/9/17 0:00,8031
2/9/17 0:00,3/9/17 0:00,2789
3/9/17 0:00,4/9/17 0:00,9845
4/9/17 0:00,5/9/17 0:00,3352
5/9/17 0:00,6/9/17 0:00,12814
6/9/17 0:00,7/9/17 0:00,8422
7/9/17 0:00,8/9/17 0:00,12146
8/9/17 0:00,9/9/17 0:00,7002
9/9/17 0:00,10/9/17 0:00,10998
10/9/17 0:00,11/9/17 0:00,8209
11/9/17 0:00,12/9/17 0:00,10566
12/9/17 0:00,13/9/17 0:00,14314
13/9/17 0:00,14/9/17 0:00,7539
14/9/17 0:00,15/9/17 0:00,7453
15/9/17 0:00,16/9/17 0:00,12079
16/9/17 0:00,17/9/17 0:00,8468
17/9/17 0:00,18/9/17 0:00,14653
18/9/17 0:00,19/9/17 0:00,5636
19/9/17 0:00,20/9/17 0:00,8288
20/9/17 0:00,21/9/17 0:00,10685
21/9/17 0:00,22/9/17 0:00,3370
22/9/17 0:00,23/9/17 0:00,4563
23/9/17 0:00,24/9/17 0:00,3930
24/9/17 0:00,25/9/17 0:00,13346
25/9/17 0:00,26/9/17 0:00,9635
26/9/17 0:00,27/9/17 0:00,16012
27/9/17 0:00,28/9/17 0:00,8188
28/9/17 0:00,29/9/17 0:00,15019
29/9/17 0:00,30/9/17 0:00,14890
30/9/17 0:00,1/10/17 0:00,6914
1/10/17 0:00,2/10/17 0:00,20275
2/10/17 0:00,3/10/17 0:00,10487
3/10/17 0:00,4/10/17 0:00,13042
4/10/17 0:00,5/10/17 0:00,7914
5/10/17 0:00,6/10/17 0:00,9170
6/10/17 0:00,7/10/17 0:00,13407
7/10/17 0:00,8/10/17 0:00,4199
8/10/17 0:00,9/10/17 0:00,12452
9/10/17 0:00,10/10/17 0:00,9812
10/10/17 0:00,11/10/17 0:00,8889
11/10/17 0:00,12/10/17 0:00,6577
12/10/17 0:00,13/10/17 0:00,5353
13/10/17 0:00,14/10/17 0:00,7647
14/10/17 0:00,15/10/17 0:00,12197
15/10/17 0:00,16/10/17 0:00,17866
16/10/17 0:00,17/10/17 0:00,10425
17/10/17 0:00,18/10/17 0:00,16919
18/10/17 0:00,19/10/17 0:00,12450
19/10/17 0:00,20/10/17 0:00,15493
20/10/17 0:00,21/10/17 0:00,5865
21/10/17 0:00,22/10/17 0:00,12599
22/10/17 0:00,23/10/17 0:00,17522
23/10/17 0:00,24/10/17 0:00,6541
24/10/17 0:00,25/10/17 0:00,17593
25/10/17 0:00,26/10/17 0:00,13501
26/10/17 0:00,27/10/17 0:00,19174
27/10/17 0:00,28/10/17 0:00,13266
28/10/17 0:00,29/10/17 0:00,5268
29/10/17 0:00,30/10/17 0:00,20257
30/10/17 0:00,31/10/17 0:00,11239
31/10/17 0:00,1/11/17 0:00,22781
1/11/17 0:00,2/11/17 0:00,14305
2/11/17 0:00,3/11/17 0:00,23177
3/11/17 0:00,4/11/17 0:00,14946
4/11/17 0:00,5/11/17 0:00,6741
5/11/17 0:00,6/11/17 0:00,15747
6/11/17 0:00,7/11/17 0:00,8170
7/11/17 0:00,8/11/17 0:00,13046
8/11/17 0:00,9/11/17 0:00,7738
9/11/17 0:00,10/11/17 0:00,21952
10/11/17 0:00,11/11/17 0:00,9866
11/11/17 0:00,12/11/17 0:00,5016
12/11/17 0:00,13/11/17 0:00,18190
13/11/17 0:00,14/11/17 0:00,11900
14/11/17 0:00,15/11/17 0:00,19303
15/11/17 0:00,16/11/17 0:00,10129
16/11/17 0:00,17/11/17 0:00,7000
17/11/17 0:00,18/11/17 0:00,18734
18/11/17 0:00,19/11/17 0:00,5435
19/11/17 0:00,20/11/17 0:00,17305
20/11/17 0:00,21/11/17 0:00,5773
21/11/17 0:00,22/11/17 0:00,13053
22/11/17 0:00,23/11/17 0:00,18795
23/11/17 0:00,24/11/17 0:00,7910
24/11/17 0:00,25/11/17 0:00,8376
25/11/17 0:00,26/11/17 0:00,26232
26/11/17 0:00,27/11/17 0:00,15513
27/11/17 0:00,28/11/17 0:00,5422
28/11/17 0:00,29/11/17 0:00,8514
29/11/17 0:00,30/11/17 0:00,5156
30/11/17 0:00,1/12/17 0:00,8367
1/12/17 0:00,2/12/17 0:00,11341
2/12/17 0:00,3/12/17 0:00,4767
3/12/17 0:00,4/12/17 0:00,12809
4/12/17 0:00,5/12/17 0:00,10757
5/12/17 0:00,6/12/17 0:00,20375
6/12/17 0:00,7/12/17 0:00,25544
7/12/17 0:00,8/12/17 0:00,11101
8/12/17 0:00,9/12/17 0:00,8759
9/12/17 0:00,10/12/17 0:00,6207
10/12/17 0:00,11/12/17 0:00,10022
11/12/17 0:00,12/12/17 0:00,5072
12/12/17 0:00,13/12/17 0:00,10124
13/12/17 0:00,14/12/17 0:00,7685
14/12/17 0:00,15/12/17 0:00,8064
15/12/17 0:00,16/12/17 0:00,12606
16/12/17 0:00,17/12/17 0:00,11828
17/12/17 0:00,18/12/17 0:00,16951
18/12/17 0:00,19/12/17 0:00,14536
19/12/17 0:00,20/12/17 0:00,13098
20/12/17 0:00,21/12/17 0:00,7178
21/12/17 0:00,22/12/17 0:00,8021
22/12/17 0:00,23/12/17 0:00,14153
23/12/17 0:00,24/12/17 0:00,5149
24/12/17 0:00,25/12/17 0:00,7209
25/12/17 0:00,26/12/17 0:00,4113
26/12/17 0:00,27/12/17 0:00,19143
27/12/17 0:00,28/12/17 0:00,17324
28/12/17 0:00,29/12/17 0:00,9471
29/12/17 0:00,30/12/17 0:00,16615
30/12/17 0:00,31/12/17 0:00,13187
31/12/17 0:00,1/1/18 0:00,14595
1/1/18 0:00,2/1/18 0:00,3190
2/1/18 0:00,3/1/18 0:00,9674
3/1/18 0:00,4/1/18 0:00,10151
4/1/18 0:00,5/1/18 0:00,8442
5/1/18 0:00,6/1/18 0:00,10681
6/1/18 0:00,7/1/18 0:00,12000
7/1/18 0:00,8/1/18 0:00,4818
8/1/18 0:00,9/1/18 0:00,14060
9/1/18 0:00,10/1/18 0:00,3100
10/1/18 0:00,11/1/18 0:00,6998
11/1/18 0:00,12/1/18 0:00,16129
12/1/18 0:00,13/1/18 0:00,5186
13/1/18 0:00,14/1/18 0:00,4680
14/1/18 0:00,15/1/18 0:00,14318
15/1/18 0:00,16/1/18 0:00,8514
16/1/18 0:00,17/1/18 0:00,8568
17/1/18 0:00,18/1/18 0:00,13064
18/1/18 0:00,19/1/18 0:00,12290
19/1/18 0:00,20/1/18 0:00,5742
20/1/18 0:00,21/1/18 0:00,4275
21/1/18 0:00,22/1/18 0:00,13469
22/1/18 0:00,23/1/18 0:00,12314
23/1/18 0:00,24/1/18 0:00,12865
24/1/18 0:00,25/1/18 0:00,7335
25/1/18 0:00,26/1/18 0:00,11344
26/1/18 0:00,27/1/18 0:00,4324
27/1/18 0:00,28/1/18 0:00,9971
28/1/18 0:00,29/1/18 0:00,12760
29/1/18 0:00,30/1/18 0:00,4713
30/1/18 0:00,31/1/18 0:00,10675
31/1/18 0:00,1/2/18 0:00,11844
1/2/18 0:00,2/2/18 0:00,20400
2/2/18 0:00,3/2/18 0:00,9213
3/2/18 0:00,4/2/18 0:00,7072
4/2/18 0:00,5/2/18 0:00,22763
5/2/18 0:00,6/2/18 0:00,13099
6/2/18 0:00,7/2/18 0:00,8043
7/2/18 0:00,8/2/18 0:00,4992
8/2/18 0:00,9/2/18 0:00,13043
9/2/18 0:00,10/2/18 0:00,7625
10/2/18 0:00,11/2/18 0:00,6797
11/2/18 0:00,12/2/18 0:00,12394
12/2/18 0:00,13/2/18 0:00,7080
13/2/18 0:00,14/2/18 0:00,12450
14/2/18 0:00,15/2/18 0:00,7654
15/2/18 0:00,16/2/18 0:00,8050
16/2/18 0:00,17/2/18 0:00,8863
17/2/18 0:00,18/2/18 0:00,4178
18/2/18 0:00,19/2/18 0:00,15677
19/2/18 0:00,20/2/18 0:00,5999
20/2/18 0:00,21/2/18 0:00,5089
21/2/18 0:00,22/2/18 0:00,6508
22/2/18 0:00,23/2/18 0:00,7883
23/2/18 0:00,24/2/18 0:00,13331
24/2/18 0:00,25/2/18 0:00,5770
25/2/18 0:00,26/2/18 0:00,12453
26/2/18 0:00,27/2/18 0:00,12308
27/2/18 0:00,28/2/18 0:00,9701
28/2/18 0:00,1/3/18 0:00,6912
1/3/18 0:00,2/3/18 0:00,5074
2/3/18 0:00,3/3/18 0:00,13034
3/3/18 0:00,4/3/18 0:00,3206
4/3/18 0:00,5/3/18 0:00,10509
5/3/18 0:00,6/3/18 0:00,4618
6/3/18 0:00,7/3/18 0:00,6869
7/3/18 0:00,8/3/18 0:00,9759
8/3/18 0:00,9/3/18 0:00,5361
9/3/18 0:00,10/3/18 0:00,12250
10/3/18 0:00,11/3/18 0:00,11868
11/3/18 0:00,12/3/18 0:00,15513
12/3/18 0:00,13/3/18 0:00,4630
13/3/18 0:00,14/3/18 0:00,5949
14/3/18 0:00,15/3/18 0:00,9689
15/3/18 0:00,16/3/18 0:00,4617
16/3/18 0:00,17/3/18 0:00,12553
17/3/18 0:00,18/3/18 0:00,6203
18/3/18 0:00,19/3/18 0:00,15128
19/3/18 0:00,20/3/18 0:00,6246
20/3/18 0:00,21/3/18 0:00,8880
21/3/18 0:00,22/3/18 0:00,5892
22/3/18 0:00,23/3/18 0:00,10494
23/3/18 0:00,24/3/18 0:00,11520
24/3/18 0:00,25/3/18 0:00,10074
25/3/18 0:00,26/3/18 0:00,12307
26/3/18 0:00,27/3/18 0:00,5279
27/3/18 0:00,28/3/18 0:00,10844
28/3/18 0:00,29/3/18 0:00,8366
29/3/18 0:00,30/3/18 0:00,7546
30/3/18 0:00,31/3/18 0:00,9842
31/3/18 0:00,1/4/18 0:00,5504
1/4/18 0:00,2/4/18 0:00,10201
2/4/18 0:00,3/4/18 0:00,14852
3/4/18 0:00,4/4/18 0:00,3519
4/4/18 0:00,5/4/18 0:00,7980
5/4/18 0:00,6/4/18 0:00,4877
6/4/18 0:00,7/4/18 0:00,2808
7/4/18 0:00,8/4/18 0:00,6156
8/4/18 0:00,9/4/18 0:00,13677
9/4/18 0:00,10/4/18 0:00,7497
10/4/18 0:00,11/4/18 0:00,12416
11/4/18 0:00,12/4/18 0:00,6090
12/4/18 0:00,13/4/18 0:00,7889
13/4/18 0:00,14/4/18 0:00,7510
14/4/18 0:00,15/4/18 0:00,5230
15/4/18 0:00,16/4/18 0:00,12266
16/4/18 0:00,17/4/18 0:00,8458
17/4/18 0:00,18/4/18 0:00,2982
18/4/18 0:00,19/4/18 0:00,5669
19/4/18 0:00,20/4/18 0:00,7317
20/4/18 0:00,21/4/18 0:00,5181
21/4/18 0:00,22/4/18 0:00,5207
22/4/18 0:00,23/4/18 0:00,10627
23/4/18 0:00,24/4/18 0:00,17062
24/4/18 0:00,25/4/18 0:00,10979
25/4/18 0:00,26/4/18 0:00,9449
26/4/18 0:00,27/4/18 0:00,13733
27/4/18 0:00,28/4/18 0:00,13403
28/4/18 0:00,29/4/18 0:00,17500
29/4/18 0:00,30/4/18 0:00,7178
30/4/18 0:00,1/5/18 0:00,14135
1/5/18 0:00,2/5/18 0:00,6014
2/5/18 0:00,3/5/18 0:00,9755
3/5/18 0:00,4/5/18 0:00,7359
4/5/18 0:00,5/5/18 0:00,7968
5/5/18 0:00,6/5/18 0:00,5719
6/5/18 0:00,7/5/18 0:00,12506
7/5/18 0:00,8/5/18 0:00,5689
8/5/18 0:00,9/5/18 0:00,7392
9/5/18 0:00,10/5/18 0:00,5734
10/5/18 0:00,11/5/18 0:00,6388
11/5/18 0:00,12/5/18 0:00,13220
12/5/18 0:00,13/5/18 0:00,5208
13/5/18 0:00,14/5/18 0:00,10793
14/5/18 0:00,15/5/18 0:00,10899
15/5/18 0:00,16/5/18 0:00,5424
16/5/18 0:00,17/5/18 0:00,7676
17/5/18 0:00,18/5/18 0:00,13560
18/5/18 0:00,19/5/18 0:00,7403
19/5/18 0:00,20/5/18 0:00,8955
20/5/18 0:00,21/5/18 0:00,14901
21/5/18 0:00,22/5/18 0:00,14685
22/5/18 0:00,23/5/18 0:00,15781
23/5/18 0:00,24/5/18 0:00,12326
24/5/18 0:00,25/5/18 0:00,11783
25/5/18 0:00,26/5/18 0:00,10450
26/5/18 0:00,27/5/18 0:00,10584
27/5/18 0:00,28/5/18 0:00,18051
28/5/18 0:00,29/5/18 0:00,10321
29/5/18 0:00,30/5/18 0:00,6956
30/5/18 0:00,31/5/18 0:00,10546
31/5/18 0:00,1/6/18 0:00,8239
1/6/18 0:00,2/6/18 0:00,6185
2/6/18 0:00,3/6/18 0:00,7339
3/6/18 0:00,4/6/18 0:00,19015
4/6/18 0:00,5/6/18 0:00,10896
5/6/18 0:00,6/6/18 0:00,7844
6/6/18 0:00,7/6/18 0:00,11360
7/6/18 0:00,8/6/18 0:00,9829
8/6/18 0:00,9/6/18 0:00,16451
9/6/18 0:00,10/6/18 0:00,7119
10/6/18 0:00,11/6/18 0:00,13457
11/6/18 0:00,12/6/18 0:00,8675
12/6/18 0:00,13/6/18 0:00,11163
13/6/18 0:00,14/6/18 0:00,8936
14/6/18 0:00,15/6/18 0:00,9508
15/6/18 0:00,16/6/18 0:00,11563
16/6/18 0:00,17/6/18 0:00,4315
17/6/18 0:00,18/6/18 0:00,15971
18/6/18 0:00,19/6/18 0:00,9280
19/6/18 0:00,20/6/18 0:00,12365
20/6/18 0:00,21/6/18 0:00,4431
21/6/18 0:00,22/6/18 0:00,16424
22/6/18 0:00,23/6/18 0:00,17523
23/6/18 0:00,24/6/18 0:00,18197
24/6/18 0:00,25/6/18 0:00,16788
25/6/18 0:00,26/6/18 0:00,14774
26/6/18 0:00,27/6/18 0:00,17160
27/6/18 0:00,28/6/18 0:00,13751
28/6/18 0:00,29/6/18 0:00,12710
29/6/18 0:00,30/6/18 0:00,11545
30/6/18 0:00,1/7/18 0:00,11334
1/7/18 0:00,2/7/18 0:00,14180
2/7/18 0:00,3/7/18 0:00,17455
3/7/18 0:00,4/7/18 0:00,17793
4/7/18 0:00,5/7/18 0:00,12548
5/7/18 0:00,6/7/18 0:00,13826
6/7/18 0:00,7/7/18 0:00,8006
7/7/18 0:00,8/7/18 0:00,12491
8/7/18 0:00,9/7/18 0:00,12716
9/7/18 0:00,10/7/18 0:00,9801
10/7/18 0:00,11/7/18 0:00,11059
11/7/18 0:00,12/7/18 0:00,15143
12/7/18 0:00,13/7/18 0:00,11594
13/7/18 0:00,14/7/18 0:00,12933
14/7/18 0:00,15/7/18 0:00,12522
15/7/18 0:00,16/7/18 0:00,9558
16/7/18 0:00,17/7/18 0:00,10695
17/7/18 0:00,18/7/18 0:00,8350
18/7/18 0:00,19/7/18 0:00,8889
19/7/18 0:00,20/7/18 0:00,8456
20/7/18 0:00,21/7/18 0:00,5492
21/7/18 0:00,22/7/18 0:00,4690
22/7/18 0:00,23/7/18 0:00,11402
23/7/18 0:00,24/7/18 0:00,8266
24/7/18 0:00,25/7/18 0:00,4803
25/7/18 0:00,26/7/18 0:00,6283
26/7/18 0:00,27/7/18 0:00,6064
27/7/18 0:00,28/7/18 0:00,14472
28/7/18 0:00,29/7/18 0:00,8799
29/7/18 0:00,30/7/18 0:00,14473
30/7/18 0:00,31/7/18 0:00,9674
31/7/18 0:00,1/8/18 0:00,6806
1/8/18 0:00,2/8/18 0:00,13868
2/8/18 0:00,3/8/18 0:00,7672
3/8/18 0:00,4/8/18 0:00,15068
4/8/18 0:00,5/8/18 0:00,8989
5/8/18 0:00,6/8/18 0:00,18212
6/8/18 0:00,7/8/18 0:00,11031
7/8/18 0:00,8/8/18 0:00,4828